<?xml version="1.0" encoding="UTF-8"?>
<beans xmlns="http://www.springframework.org/schema/beans"
	xmlns:xsi="http://www.w3.org/2001/XMLSchema-instance"
	xmlns:context="http://www.springframework.org/schema/context"
	xmlns:tx="http://www.springframework.org/schema/tx"
	xsi:schemaLocation="http://www.springframework.org/schema/beans http://www.springframework.org/schema/beans/spring-beans.xsd
			http://www.springframework.org/schema/context http://www.springframework.org/schema/context/spring-context.xsd
		http://www.springframework.org/schema/tx http://www.springframework.org/schema/tx/spring-tx-4.0.xsd">
<context:annotation-config></context:annotation-config>
<context:component-scan
		base-package="com.smita.student_project" />
	<!-- Root Context: defines shared resources visible to all other web components 
		application level configuration -->
	<!-- DataSource configuration for Database Connection -->
	<!-- Configuring DataSource with the help of class DriverManagerDataSource -->
	<bean id="dataSource" 
 class="org.springframework.jdbc.datasource.DriverManagerDataSource" >
   		<property name="driverClassName" value="com.mysql.jdbc.Driver"></property>
   		<property name="url" 
   		value="jdbc:mysql://localhost:3306/hb"></property>
		<property name="username" value="root"></property>
		<property name="password" value="root"></property>
   </bean>
	<!-- <bean id="dataSource"
		class="org.springframework.jdbc.datasource.DriverManagerDataSource">
		<property name="driverClassName"
			value="oracle.jdbc.driver.OracleDriver" />
		<property name="url"
			value="jdbc:oracle:thin:@localhost:1521:orahome" />
		<property name="username" value="system" />
		<property name="password" value="system" />
	</bean> -->
	<!-- Hibernate Integration with Spring with the help of spring framework 
		hibernate class LocalSessionFactoryBean -->
	<!-- Hibernate 4 SessionFactory Bean definition -->
	<bean id="sessionFactory"
		class="org.springframework.orm.hibernate4.LocalSessionFactoryBean">
		<property name="dataSource" ref="dataSource" />
		<property name="annotatedClasses">
			<!-- Map all the annotated class 
			with @Entity -->
			<list>
				<value>com.smita.student_project.student.model.Student</value>
			</list>
		</property>
		<property name="hibernateProperties">
			<props><!-- MySQL5Dialect -->
			<prop key="hibernate.dialect">org.hibernate.dialect.MySQL5Dialect</prop>
				<!-- <prop key="hibernate.dialect">
				org.hibernate.dialect.Oracle10gDialect
				</prop> -->

				<prop key="hibernate.hbm2ddl.auto">update</prop>
				<prop key="hibernate.show_sql">true</prop>
			</props>
		</property>
	</bean>
	
	<!-- Enables springframework Hibernate Transactions -->
	<bean id="transactionManager"
		class="org.springframework.orm.hibernate4.HibernateTransactionManager">
		<property name="sessionFactory" ref="sessionFactory" />
	</bean>
	<!-- This bean will handle all transaction within an application -->

	<!-- This is required to handle transactions via Annotations like @Transactional -->
	<tx:annotation-driven
		transaction-manager="transactionManager" /></beans>
